"","spp_f","wingspan"
"1","Sparrow",22.3333333333333
"2","Kingfisher",24.6666666666667
"3","Eagle",193.666666666667
"4","Hummingbird",8.66666666666667
